Artist,WikiLink,Genre
100s,100s_(rapper),West Coast
187 Fac,187_Fac,West Coast
213,213_(group),West Coast
2Mex,2Mex,West Coast
2nd II None,2nd_II_None,West Coast
2Pac,2Pac,West Coast
3X Krazy,3X_Krazy,West Coast
Ab-Soul,Ab-Soul,West Coast
Above the Law,Above_the_Law_(group),West Coast
Aceyalone,Aceyalone,West Coast
Ahmad,Ahmad_(rapper),West Coast
Alchemist,Alchemist_(producer),West Coast
Amin\u00e9,Amin\u00e9,West Coast
Andre Nickatina,Andre_Nickatina,West Coast
Anotha Level,Anotha_Level,West Coast
Arabian Prince,Arabian_Prince,West Coast
Akwid,Akwid,West Coast
B.G. Knocc Out,B.G._Knocc_Out,West Coast
B-Legit,B-Legit,West Coast
B-Real,B-Real,West Coast
Bad Azz,Bad_Azz_(rapper),West Coast
Beautiful Eulogy,Beautiful_Eulogy,West Coast
Berner,Berner_(rapper),West Coast
Big Syke,Big_Syke,West Coast
Bishop Lamont,Bishop_Lamont,West Coast
Black Eyed Peas,Black_Eyed_Peas,West Coast
Black Hippy,Black_Hippy,West Coast
Blackalicious,Blackalicious,West Coast
Bloods & Crips,Bloods_&_Crips,West Coast
Blu,Blu_(rapper),West Coast
Blu & Exile,Blu_&_Exile,West Coast
Blueface,Blueface,West Coast
Bohemia,Bohemia_(musician),West Coast
Bone Thugs-N-Harmony,Bone_Thugs-N-Harmony,West Coast
Boogie,Boogie,West Coast
Braille,Braille_(rapper),West Coast
Brainwash Projects,Brainwash_Projects,West Coast
Brotha Lynch Hung,Brotha_Lynch_Hung,West Coast
Brownside,Brownside,West Coast
Butch Cassidy,Butch_Cassidy_(singer),West Coast
C-BO,C-BO,West Coast
CJ Mac,CJ_Mac,West Coast
Capital Punishment Organization,Capital_Punishment_Organization,West Coast
Casey Veggies,Casey_Veggies,West Coast
Cashis,Cashis,West Coast
Celly Cel,Celly_Cel,West Coast
Clyde Carson,Clyde_Carson,West Coast
Cold 187um a.k.a. Big Hutch,Cold_187um,West Coast
College Boyz,College_Boyz,West Coast
Compton's Most Wanted,Compton's_Most_Wanted,West Coast
Coolio,Coolio,West Coast
Cool Nutz,Cool_Nutz,West Coast
Cozz,Cozz,West Coast
Cougnut,Cougnut,West Coast
Crooked I,Crooked_I,West Coast
Chilly Chill,Chilly_Chill,West Coast
Charizma,Charizma,West Coast
DJ Mustard,DJ_Mustard,West Coast
DJ Pooh,DJ_Pooh,West Coast
DJ Quik,DJ_Quik,West Coast
DJ Shadow,DJ_Shadow,West Coast
DJ Yella,DJ_Yella,West Coast
D-Shot,D-Shot,West Coast
Da Lench Mob,Da_Lench_Mob,West Coast
Darkroom Familia,Darkroom_Familia,West Coast
Daz Dillinger,Daz_Dillinger,West Coast
Death Grips,Death_Grips,West Coast
Del the Funky Homosapien,Del_the_Funky_Homosapien,West Coast
Delinquent Habits,Delinquent_Habits,West Coast
Delyric Oracle,Delyric_Oracle,West Coast
Digital Underground,Digital_Underground,West Coast
Dilated Peoples,Dilated_Peoples,West Coast
Dizzy Wright,Dizzy_Wright,West Coast
Doggy's Angels,Doggy's_Angels,West Coast
Doja Cat,Doja_Cat,West Coast
Dom Kennedy,Dom_Kennedy,West Coast
Domino,Domino_(rapper),West Coast
Domo Genesis,Domo_Genesis,West Coast
Dr. Dre,Dr._Dre,West Coast
Dresta,Dresta,West Coast
Dru Down,Dru_Down,West Coast
Dubb Union,Dubb_Union,West Coast
Dumbfoundead,Dumbfoundead,West Coast
E-40,E-40,West Coast
E-A-Ski,E-A-Ski,West Coast
E.D.I. Amin,E.D.I._Amin,West Coast
Earl Sweatshirt,Earl_Sweatshirt,West Coast
Eazy-E,Eazy-E,West Coast
Egyptian Lover,Egyptian_Lover,West Coast
Emcee N.I.C.E.,Emcee_N.I.C.E.,West Coast
Evidence,Evidence_(artist),West Coast
Fashawn,Fashawn,West Coast
Foesum,Foesum,West Coast
Freddie Gibbs,Freddie_Gibbs,West Coast
Funkdoobiest,Funkdoobiest,West Coast
Funky Aztecs,Funky_Aztecs,West Coast
Futuristic,Futuristic_(rapper),West Coast
Gabe Rosales,Gabe_Rosales,West Coast
Get Busy Committee,Get_Busy_Committee,West Coast
Gift of Gab,Gift_of_Gab_(rapper),West Coast
Glasses Malone,Glasses_Malone,West Coast
Goldie Loc,Goldie_Loc,West Coast
Gospel Gangstaz,Gospel_Gangstaz,West Coast
Greydon Square,Greydon_Square,West Coast
Guerilla Black,Guerilla_Black,West Coast
G-Eazy,G-Eazy,West Coast
Haiku D'Etat,Haiku_D'Etat,West Coast
Havoc,South_Central_Cartel,West Coast
Hed PE,Hed_PE,West Coast
Hi-C,Hi-C_(rapper),West Coast
Hieroglyphics,Hieroglyphics_(band),West Coast
Hodgy Beats,Hodgy_Beats,West Coast
Hopsin,Hopsin,West Coast
Hot Dollar,Hot_Dollar,West Coast
House of Pain,House_of_Pain,West Coast
Husalah,Husalah,West Coast
Hussein Fatal,Hussein_Fatal,West Coast
Iamsu!,Iamsu!,West Coast
Ice Cube,Ice_Cube,West Coast
Ice-T,Ice-T,West Coast
Illmaculate,Illmaculate,West Coast
Imani,Imani_(rapper),West Coast
Insane Poetry,Insane_Poetry,West Coast
J-Flexx,J-Flexx,West Coast
J.J. Fad,J.J._Fad,West Coast
J.Lately,J.Lately,West Coast
J Stalin,J_Stalin,West Coast
JT the Bigga Figga,JT_the_Bigga_Figga,West Coast
J. Wells,J._Wells,West Coast
Jake One,Jake_One,West Coast
Jay Rock,Jay_Rock,West Coast
Jayo Felony,Jayo_Felony,West Coast
Johnny Richter,Johnny_Richter,West Coast
Joyo Velarde,Joyo_Velarde,West Coast
Jonwayne,Jonwayne,West Coast
K-Dee,K-Dee,West Coast
Kam,Kam_(rapper),West Coast
Kastro Cox,Kastro_(Outlawz),West Coast
Kausion,Kausion,West Coast
Keak da Sneak,Keak_da_Sneak,West Coast
Kendrick Lamar,Kendrick_Lamar,West Coast
Keyshia Cole,Keyshia_Cole,West Coast
Kid Frost,Frost_(rapper),West Coast
Kid Ink,Kid_Ink,West Coast
Kid Sensation,Kid_Sensation,West Coast
King Tee,King_Tee,West Coast
Kingspade,Kingspade,West Coast
King Lil G,King_Lil_G,West Coast
Kitty Pryde,Kitty_Pryde_(rapper),West Coast
Knight Owl,Knight_Owl,West Coast
Knoc-Turn'Al,Knoc-Turn'Al,West Coast
Kokane,Kokane,West Coast
Kottonmouth Kings,Kottonmouth_Kings,West Coast
Kreayshawn,Kreayshawn,West Coast
Krondon,Krondon,West Coast
Kung Fu Vampire,Kung_Fu_Vampire,West Coast
Kurupt,Kurupt,West Coast
LA Dream Team,LA_Dream_Team,West Coast
L.A.M.B,L.A.M.B,West Coast
L.A. Posse,L.A._Posse,West Coast
LA Symphony,LA_Symphony,West Coast
Lady of Rage,Lady_of_Rage,West Coast
Larry June,Larry_June,West Coast
Lateef the Truthspeaker,Lateef_the_Truthspeaker,West Coast
Latyrx,Latyrx,West Coast
Lazarus,Lazarus_(rapper),West Coast
LBC Crew,LBC_Crew,West Coast
Left Brain,Left_Brain,West Coast
Lifesavas,Lifesavas,West Coast
Lighter Shade of Brown,Lighter_Shade_of_Brown,West Coast
Likwit Crew,Likwit_Crew,West Coast
Lil B,Lil_B,West Coast
Lil Debbie,Lil_Debbie,West Coast
Lil Eazy-E,Lil_Eazy-E,West Coast
Lil Ric,Lil_Ric,West Coast
Lil Rob,Lil_Rob,West Coast
Living Legends,Living_Legends_(group),West Coast
Locksmith,Locksmith_(rapper),West Coast
Lootpack,Lootpack,West Coast
Lords of Lyrics,Lords_of_Lyrics,West Coast
LoveRance,LoveRance,West Coast
LPG,LPG_(American_band),West Coast
Luckyiam,Luckyiam,West Coast
Luni Coleone,Luni_Coleone,West Coast
Luniz,Luniz,West Coast
Lyrics Born,Lyrics_Born,West Coast
MC Eiht,MC_Eiht,West Coast
MC Hammer,MC_Hammer,West Coast
MC Ren,MC_Ren,West Coast
MC Trouble,MC_Trouble,West Coast
MC Smooth,Smooth_(singer),West Coast
Mac Dre,Mac_Dre,West Coast
Mac Mall,Mac_Mall,West Coast
Mac Minister,Mac_Minister,West Coast
Mack 10,Mack_10,West Coast
Madchild,Madchild,West Coast
Madlib,Madlib,West Coast
Mann,Mann_(rapper),West Coast
Mars,Mars_(rapper),West Coast
Marvaless,Marvaless,West Coast
Mellow Man Ace,Mellow_Man_Ace,West Coast
Menace Clan,Menace_Clan,West Coast
Menajahtwa,Menajahtwa,West Coast
Messy Marv,Messy_Marv,West Coast
Migos,Migos,West Coast
Mike G,Mike_G,West Coast
Mistah F.A.B.,Mistah_F.A.B.,West Coast
Mitchy Slick,Mitchy_Slick,West Coast
Mopreme Shakur,Mopreme_Shakur,West Coast
Mozzy,Mozzy,West Coast
Mr. Capone-E,Mr._Capone-E,West Coast
Mr. Doctor,Mr._Doctor,West Coast
Mr. Malik,Mr._Malik,West Coast
Ms. Toi,Ms._Toi,West Coast
Murs,Murs_(rapper),West Coast
N2Deep,N2Deep,West Coast
Napoleon,Napoleon_(rapper),West Coast
Nate Dogg,Nate_Dogg,West Coast
Nationwide Rip Ridaz,Nationwide_Rip_Ridaz,West Coast
NB Ridaz,NB_Ridaz,West Coast
Nipsey Hussle,Nipsey_Hussle,West Coast
NoClue,NoClue,West Coast
Numskull,Numskull,West Coast
N.W.A,N.W.A,West Coast
NLE Choppa,NLE_Choppa,West Coast
Oaktown 3.5.7,Oaktown_3.5.7,West Coast
Odd Future,Odd_Future,West Coast
Offset,Offset_(rapper),West Coast
One Block Radius,One_Block_Radius,West Coast
Outlawz,Outlawz,West Coast
O.T Genasis,O.T_Genasis,West Coast
PSD,PSD_(rapper),West Coast
Pac Div,Pac_Div,West Coast
Paperboy,Paperboy_(rapper),West Coast
Paris,Paris_(rapper),West Coast
Peace 586,Peace_586,West Coast
Penthouse Players Clique,Penthouse_Players_Clique,West Coast
People Under The Stairs,People_Under_The_Stairs,West Coast
Pigeon John,Pigeon_John,West Coast
Planet Asia,Planet_Asia,West Coast
Playa Hamm,Playa_Hamm,West Coast
Pop Smoke,Pop_Smoke,West Coast
Potluck,Potluck_(group),West Coast
Problem,Problem_(rapper),West Coast
Propaganda,Propaganda_(musician),West Coast
Proper Dos,Proper_Dos,West Coast
Psycho Realm,Psycho_Realm,West Coast
Psychosiz,Psychosiz,West Coast
Quasimoto,Quasimoto,West Coast
Quavo,Quavo,West Coast
Quo,Quo_(group),West Coast
RBL Posse,RBL_Posse,West Coast
RBX,RBX,West Coast
Rappin' 4-Tay,Rappin'_4-Tay,West Coast
Ras Kass,Ras_Kass,West Coast
Rasco,Rasco,West Coast
Ray Luv,Ray_Luv,West Coast
Richie Rich,Richie_Rich_(rapper),West Coast
Roddy Ricch,Roddy_Ricch,West Coast
Rodney O & Joe Cooley,Rodney_O_&_Joe_Cooley,West Coast
Rydah J. Klyde,Rydah_J._Klyde,West Coast
Saafir,Saafir,West Coast
Sage the Gemini,Sage_the_Gemini,West Coast
Saint Dog,Saint_Dog,West Coast
Sam Sneed,Sam_Sneed,West Coast
San Quinn,San_Quinn,West Coast
Saweetie,Saweetie,West Coast
Schoolboy Q,Schoolboy_Q,West Coast
Seagram,Seagram_(rapper),West Coast
Sen Dog,Sen_Dog,West Coast
Shade Sheist,Shade_Sheist,West Coast
Shoreline mafia,Shoreline_mafia,West Coast
Sir Jinx,Sir_Jinx,West Coast
Sir Mix-a-Lot,Sir_Mix-a-Lot,West Coast
Skee-Lo,Skee-Lo,West Coast
Slim the Mobster,Slim_the_Mobster,West Coast
Smooth,Smooth_(singer),West Coast
Smoov-E,Smoov-E,West Coast
Snoop Dogg,Snoop_Dogg,West Coast
Snow Tha Product,Snow_Tha_Product,West Coast
Souls of Mischief,Souls_of_Mischief,West Coast
South Central Cartel,South_Central_Cartel,West Coast
Soopafly,Soopafly,West Coast
Spice 1,Spice_1,West Coast
Spider Loc,Spider_Loc,West Coast
Stat Quo,Stat_Quo,West Coast
Steady Mobb'n,Steady_Mobb'n,West Coast
Storm,Storm_(rapper),West Coast
Strong Arm Steady,Strong_Arm_Steady,West Coast
Stunnaman,Stunnaman,West Coast
Subnoize Souljaz,Subnoize_Souljaz,West Coast
Suga Free,Suga_Free,West Coast
Suga T,Suga_T,West Coast
Sunspot Jonz,Sunspot_Jonz,West Coast
SwizZz,SwizZz,West Coast
Swollen Members,Swollen_Members,West Coast
Sylk-E. Fyne,Sylk-E._Fyne,West Coast
Takeoff,Takeoff_(rapper),West Coast
T-Bone,T-Bone_(rapper),West Coast
T. Mills,T._Mills,West Coast
Tash,Tash_(rapper),West Coast
Techniec,Techniec,West Coast
Tha Alkaholiks,Tha_Alkaholiks,West Coast
Tha Dogg Pound,Tha_Dogg_Pound,West Coast
The Game,Game_(rapper),West Coast
The Click,The_Click,West Coast
The Conscious Daughters,The_Conscious_Daughters,West Coast
The Coup,The_Coup,West Coast
The Dangerous Crew,The_Dangerous_Crew,West Coast
The Dove Shack,The_Dove_Shack,West Coast
The D.O.C.,The_D.O.C.,West Coast
The Federation,The_Federation_(band),West Coast
The Grouch,The_Grouch_(rapper),West Coast
The Jacka,The_Jacka,West Coast
The Pack,The_Pack_(group),West Coast
The Pharcyde,The_Pharcyde,West Coast
The Real Richie Rich,The_Real_Richie_Rich_(Producer),West Coast
The Realest,The_Realest,West Coast
The Team,The_Team_(band),West Coast
The Unknown DJ,The_Unknown_DJ,West Coast
Thurzday,Thurzday,West Coast
Tone L\u014dc,Tone_L\u014dc,West Coast
Too $hort,Too_$hort,West Coast
Totally Insane,Totally_Insane,West Coast
Trackademicks,Trackademicks,West Coast
Travis Knight,Travis_Knight_(animator),West Coast
Travis Scott,Travis_Scott,West Coast
Traxamillion,Traxamillion,West Coast
Tray Deee,Tray_Deee,West Coast
Tunnel Rats,Tunnel_Rats_(music_group),West Coast
Turf Talk,Turf_Talk,West Coast
Tweedy Bird Loc,Tweedy_Bird_Loc,West Coast
Twinz,Twinz,West Coast
Twisted Insane,Twisted_Insane,West Coast
Ty Dolla $ign,Ty_Dolla_$ign,West Coast
Tyga,Tyga,West Coast
"Tyler, The Creator","Tyler,_The_Creator",West Coast
Tupac Shakur,Tupac_Shakur,West Coast
U-n-i,U-n-i,West Coast
Volume 10,Volume_10_(rapper),West Coast
Vince Staples,Vince_Staples,West Coast
WC,WC_(rapper),West Coast
WC and the Maad Circle,WC_and_the_Maad_Circle,West Coast
Warren G,Warren_G,West Coast
Westside Connection,Westside_Connection,West Coast
Wiz Khalifa,Wiz_Khalifa,West Coast
World Class Wreckin' Cru,World_Class_Wreckin'_Cru,West Coast
X-Raided,X-Raided,West Coast
Xzibit,Xzibit,West Coast
YG,YG_(rapper),West Coast
Yaki Kadafi,Yaki_Kadafi,West Coast
Yella,DJ_Yella,West Coast
Yomo & Maulkie,Yomo_&_Maulkie,West Coast
Young De,Young_De,West Coast
Young Lay,Young_Lay,West Coast
Young Maylay,Young_Maylay,West Coast
Young Murder Squad,Young_Murder_Squad,West Coast
Young Noble,Young_Noble,West Coast
Young Soldierz,Young_Soldierz,West Coast
Yo-Yo,Yo-Yo_(rapper),West Coast
Yukmouth,Yukmouth,West Coast
Yung Berg,Yung_Berg,West Coast
Zion I,Zion_I,West Coast
